Sm1Fe1Ni4,1.2404207487235357
Ho1U1Te4,1.2787408168378553
Dy1U1Te4,1.28537161556976
Ho1Fe1Ni4,1.2874273355245627
Ir1Pa1S4,1.2905812993186307
Pr1Fe1Ni4,1.2910997397343047
La1Fe1Ni4,1.292449866924897
Dy1Fe1Ni4,1.2940581342564677
Gd1Fe1Ni4,1.2986164959216655
Er1U1Te4,1.300412621619989
Pr1Fe1Co4,1.3026686029165166
Ce1Fe1Ni4,1.3042479888802079
Y1Fe1Ni4,1.308816734152791
Er1Fe1Ni4,1.309099140306696
Tb1U1Te4,1.3107533274505005
Eu1La1Te4,1.3142854216032738
Tb1Fe1Ni4,1.3194398461372079
Sc1Nb1Se4,1.3349758186388563
Tm1U1Te4,1.33552692229342
Ho1Ta1O4,1.3608177329761597
Th1Fe1Ni4,1.362273912664902
Dy1Pa1Te4,1.3724101702129528
Th1Fe1Co4,1.3738427758471141
La1Pd1O4,1.3767894666932334
Ce1Th1O4,1.3863000046683336
La1U1O4,1.3964921665879917
Pa1Tb1Te4,1.3977918820936932
Fe1Pm1Pt4,1.4118574498491567
Ce1U1O4,1.414189349520958
Y1U1O4,1.421042467429833
Sm1Pa1O4,1.4490063212507391
Ce1Zr1O4,1.4533118401304657
Pa1Sb1Se4,1.4542529666812172
Ce1Sn1O4,1.4718990727926868
Ce1Pr1O4,1.4725328031678449
Tb1Ce1O4,1.4856092874717468
Th1U1O4,1.5012282351979993
Yb1Pa1O4,1.5029242699060985
Hf1Ru1Cl4,1.5032366490465467
Ho1Pa1O4,1.5195162014522796
Pr1Pa1O4,1.5250248077668926
La1Pa1O4,1.527049998552781
Dy1Pa1O4,1.5294623995501366
Nd1Fe1Ni4,1.535999570738649
Lu1Pa1O4,1.5392304529287786
Ce1Pa1O4,1.5447471814857472
Eu1Pa1O4,1.5486751156460603
Ta1Os1Se4,1.55153885961387
Y1Pa1O4,1.551600299394622
Er1Pa1O4,1.55202390862548
Sm1Co1Si4,1.553543712531302
Sm1U1Al4,1.555909654131633
Nb1Re1S4,1.5561399698424925
U1Cd1O4,1.5673130683007046
Nb1Ir1S4,1.5674210540393136
Tb1Pa1O4,1.5675349673712473
Sm1Y1Fe4,1.5742533501636036
Gd1Y1H4,1.5764599357678648
U1Mn1O4,1.577109690865007
Sm1Y1Cu4,1.5786348534000887
Sm1Dy1Fe4,1.578739521697134
Yb1Lu1Al4,1.5792130110408982
Nb1Re1Se4,1.582224222956702
Pr1Sm1Fe4,1.58264059455189
Sc1Pa1O4,1.5832051499471507
Sm1Dy1C4,1.5852443564215342
Ho1Th1Zn4,1.5865125513249556
Ta1Re1Se4,1.5868184559927083
La1Pb1Pt4,1.5876711979825613
Sm1Be1Cu4,1.588707140451718
Sm1Mg1Cu4,1.5890031345568278
Ta1Re1Te4,1.5939863134104921
La1Lu1Al4,1.5952968301386863
Sm1Cd1Ni4,1.5954149220371774
Ce1Sm1Fe4,1.595788843697793
Ce1Th1Si4,1.5963172224509117
Cd1Np1O4,1.5968536600076173
Sm1Al1Cu4,1.5978705385882173
Ho1Lu1Pb4,1.5995629277094665
Gd1Lu1Al4,1.6014634591354548
Y1Cu1Cl4,1.6026966461880978
Tm1Pa1O4,1.6046953596356268
La1Nd1C4,1.6048150927893736
Ce1U1Fe4,1.6056460834453807
Gd1U1C4,1.6065194252112385
Ce1Lu1Al4,1.6070949520939972
Yb1Sc1Al4,1.6079130853447026
La1U1Al4,1.607938772332994
Yb1Tl1Cu4,1.6082140608331728
Sm1Y1Co4,1.6082436068838701
Dy1U1Al4,1.6095470396645648
Pr1Nd1Al4,1.6110509417173056
La1Nd1Al4,1.612401068907898
Yb1Cd1Cu4,1.613320330839181
Gd1U1Al4,1.6141054013297627
Ir1Sb1Se4,1.6141191226814116
Ce1U1Si4,1.614910119019328
Au1La1Pt4,1.6152076476435384
Ce1Nd1C4,1.6166132147446846
Yb1Ga1Cu4,1.6166913541137777
Tb1Th1Zn4,1.6185250619376008
La1Co1Ni4,1.6187301886967707
Sm1Er1Fe4,1.618799611503466
U1Ir1Pt4,1.62179474901788
Pd1Pr1Pt4,1.623407896811968
Ce1Nd1Al4,1.6241991908632087
Yb1Y1Al4,1.624289460110101
Y1U1Al4,1.6243056395608884
Ho1Cd1Cu4,1.6243816185366349
La1Pd1Pt4,1.6247580240025605
Pr1Y1Fe4,1.6249323411743728
Yb1Mg1Cu4,1.6249484336604008
Tb1Nd1Fe4,1.6253002372772845
Y1Sc1Fe4,1.6262729608274606
Dy1Pd1Pt4,1.626366291334131
Ce1Co1Ni4,1.6305283106520818
La1Cu1Ni4,1.6309528218088716
Yb1Cd1Ni4,1.6313602211407503
Au1Er1Pt4,1.6318569210253377
Lu1Tl1Cu4,1.6324181828482927
La1Ce1C4,1.6327742309246627
Yb1Al1Cu4,1.6338158376917902
Sm1Si1Ni4,1.6339912525805076
Sm1In1Cu4,1.6356996061068154
Ho1Be1Cu4,1.6357137272527449
Ce1Sc1Al4,1.6357950263978018
Pr1Dy1C4,1.6359233474323027
Y1Zr1Fe4,1.6362964891243026
Ce1Pd1Pt4,1.6365561459578712
Gd1Y1Cu4,1.6368306005982183
Lu1Cd1Cu4,1.637524452854301
Ce1Y1Fe4,1.6380805903202758
La1Eu1Al4,1.6384608456980783
Pr1Y1Al4,1.639023152017297
La1Pr1C4,1.6392484319790614
Pr1Y1Mg4,1.6396847686633544
La1Ce1Al4,1.6403602070431866
La1Y1Al4,1.6403732792078891
La1Y1Mg4,1.6410348958539467
Sm1Er1Mn4,1.6416027708093643
Dy1Be1Cu4,1.6423445259846499
Ho1Cd1Ni4,1.6424215088382048
Ce1Y1Cu4,1.6424620935567606
Ge1Ho1Ni4,1.6425538978319232
Pr1Pu1Si4,1.6425570976007595
Ce1Dy1Fe4,1.642566761853806
Gd1Dy1C4,1.6434401036196638
Ho1Ir1Ni4,1.6434713860541645
Pr1Dy1Al4,1.6435093235508271
La1Yb1Al4,1.6438091275870963
Ce1Pr1Fe4,1.644541719209972
Ce1Ga1Cu4,1.644573295166877
Ce1Y1C4,1.6445854250446759
Ho1Al1Cu4,1.6448771253892442
Ga1Ho1Ni4,1.6457925321128013
Er1Cd1Cu4,1.6460534233187685
Pr1Cd1Ni4,1.6460939130479464
La1Gd1C4,1.6462362770354089
Y1U1Ga4,1.6463272163484992
Ce1Pu1Fe4,1.6464413111727156
Gd1Y1Al4,1.6465399082046577
La1Pr1Al4,1.6468344080975854
Al1Dy1Fe4,1.647126420884664
Dy1Y1Fe4,1.6471355071263893
Lu1Zn1Cu4,1.6472892968929418
Pr1Y1Ni4,1.6473537347124274
Ge1La1Ni4,1.6475764292322574
Pr1Al1Cu4,1.6485495295989863
Ho1Zr1Co4,1.6488973472163408
Dy1Cd1Ni4,1.6490523075701091
Ce1Dy1C4,1.649071596578206
Lu1Mg1Cu4,1.6491525556755207
Dy1Ge1Ni4,1.649184696563828
La1Tb1C4,1.6495726379004225
La1Al1Cu4,1.6498996567895787
Dy1Ir1Ni4,1.6501021847860693
Ce1Eu1Al4,1.6502589676533892
Cu1Pr1Rh4,1.650482836501336
La1Ga1Ni4,1.6508150635131356
Gd1Dy1Al4,1.6510260797381877
Hf1Ti1Se4,1.6514626720984944
Dy1Al1Cu4,1.651507924121149
Cu1La1Rh4,1.651832963691928
Ce1Y1Al4,1.6521714011632003
Dy1Ga1Ni4,1.652423330844706
Pr1Gd1Al4,1.6524721259633408
Pr1Mn1Ni4,1.6526249947574814
Ce1Y1Mg4,1.6528330178092576
Dy1Ho1C4,1.653184997160092
Cu1Eu1Zn4,1.6535857387044628
Gd1Cd1Ni4,1.653610669235307
Dy1Y1C4,1.6536403418507895
Gd1Ge1Ni4,1.6537430582290258
La1Gd1Al4,1.6538222531539333
La1Mn1Ni4,1.6539751219480738
Ce1Ni1Pt4,1.6544281521627024
Hf1Pm1Zn4,1.6544580523529664
Eu1Y1Al4,1.654790023936742
Nb1Mo1S4,1.6551372588003879
Lu1Cd1Ni4,1.6555643431558706
Yb1Al1B4,1.6558596733303759
Gd1Al1Cu4,1.6560662857863468
Yb1Mg1Ga4,1.6566793180544508
Y1Be1Cu4,1.6571031258809732
La1Zn1Ni4,1.6572088842771795
Al1Ce1Fe4,1.6573162755084043
Y1Mg1Cu4,1.6573991199860831
Pr1Mg1Ni4,1.6577220158691663
Pr1Ho1Al4,1.657812578756454
Tb1Cu1Ni4,1.6579428010211823
Ce1Pr1Al4,1.6586325300528963
Pr1Y1Co4,1.6589225978946391
La1Mg1Ni4,1.6590721430597586
Ce1Cd1Ni4,1.6592421621938496
Tb1Nd1Co4,1.659290493997551
Ce1Ge1Ni4,1.6593745511875682
Cr1Pr1Pt4,1.6595683635700909
Ta1Mo1S4,1.659731491836394
Tb1Pr1Fe4,1.659733576466972
Zr1Ta1Te4,1.6598899000647498
Ce1Ir1Ni4,1.6602920394098095
Ce1Y1Ni4,1.6605019838583306
Dy1Ho1Al4,1.6607709732786164
Cr1La1Pt4,1.660918490760683
La1Ce1Ru4,1.6610752203473866
Ce1Al1Cu4,1.6616977787448892
Ce1Ga1Ni4,1.6626131854684463
Ho1Al1Ni4,1.662917015690814
Cr1Ni1S4,1.662969112579156
Gd1Ni1Zn4,1.663375513273948
Y1Cd1Ni4,1.6638109074664331
Sn1Pt1S4,1.6639734050731374
Dy1Ga1Co4,1.6639921940269182
Er1Cd1Ni4,1.664093313620338
Er1Ge1Ni4,1.6642257026140566
Tb1Dy1C4,1.664263453835206
Ce1Cu1Pt4,1.6643747460017904
Hf1Te1Se4,1.6648094359078158
Er1Ir1Ni4,1.6651431908362977
Gd1Mg1Ni4,1.665238772056527
Ce1Mn1Ni4,1.6657732439033843
Gd1Y1Co4,1.666439354082
Er1Al1Cu4,1.6665489301713778
Pr1Al1Ni4,1.666589419900556
Ni1Pd1S4,1.6671048846520098
Er1Ga1Ni4,1.6674643368949347
Tb1Be1Cu4,1.6677262378653899
La1Al1Ni4,1.667939547091148
Y1Ho1C4,1.667943597056416
Ce1Zn1Ni4,1.6690070062324907
Dy1Ho1Mn4,1.6694833217415905
Dy1Al1Ni4,1.6695478144227185
La1Ce1Rh4,1.6695709316213738
Y1Mn1Ni4,1.6703419891759677
Er1Mn1Ni4,1.670624395329873
Ce1Mg1Ni4,1.6708702650150695
Ga1Pr1Pt4,1.6710887385601516
Yb1In1Cu4,1.6716449052103883
Tb1Dy1Al4,1.6718494299537303
Al1Ta1U4,1.6718842639235014
Tb1Ho1Fe4,1.6720618743164328
Ce1Y1Co4,1.6720708470405423
Dy1Er1Fe4,1.6724369970363977
La1Ce1Os4,1.672509554634613
Pb1W1S4,1.6728448920139793
Gd1Sm1Tc4,1.6733692541273764
Pm1Pa1O4,1.6737256695827583
Ga1La1Pd4,1.6740607659040805
Gd1Al1Ni4,1.6741061760879166
Mn1Pr1Pt4,1.6742487969950897
Tb1Cd1Ni4,1.6744340194508496
Sm1In1Pt4,1.6753632986459932
Y1Mg1Ni4,1.6754390102876526
La1Mn1Pt4,1.6755989241856817
Tb1Al1Cu4,1.6768896360018894
Lu1Ru1Zn4,1.6777136178035807
Pr1Al1Co4,1.678158283082768
Dy1Er1C4,1.6789418317607978
Pd1Pr1Zn4,1.6791044594775322
Dy1Tm1Mn4,1.6793914960545153
La1Al1Co4,1.6795084102733602
Ga1Cu1S4,1.6795153628197337
Ce1Al1Ni4,1.6797376690464592
Zr1Ti1S4,1.6799008036961567
Dy1H1C4,1.6799436244688746
Ce1Pu1Co4,1.6804315678929822
La1Pd1Zn4,1.6804545866681246
Ho1Si1Ni4,1.6809978393815346
Dy1Al1Co4,1.6811166776049307
Tm1Cd1Cu4,1.6811677239921998
Nb1Mo1Se4,1.6812215119145975
Ag1Ho1Pt4,1.6812333863785345
Ce1Y1Rh4,1.681382125741387
Al1Eu1Ni4,1.6823562918200008
Sn1Mo1S4,1.6824414889765116
Tb1Pr1Mn4,1.6825367357728702
Mo1Pb1S4,1.6839501169861872
Ce1Ga1Pt4,1.6842369877060543
Pu1Pa1O4,1.6844372024941112
Er1Al1Ni4,1.6845888204729473
Sc1Cd1Ni4,1.6848808078347854
Ag1Pr1Pt4,1.6849057905882765
La1Er1Al4,1.6849195405477513
La1Si1Ni4,1.686020370781869
Tb1Ho1Al4,1.686152685159357
Cu1Se1Zr4,1.6861659337686001
Ag1La1Pt4,1.686255917778869
Dy1Er1Al4,1.6865278078793218
Gd1Pd1Zn4,1.686621215664893
Eu1Ga1Pt4,1.6868556104795964
Dy1Si1Ni4,1.6876286381134395
Ag1Dy1Pt4,1.6878641851104395
Al1Pr1Pt4,1.688213222138164
Eu1Ga1Pd4,1.6884775106329333
Mn1Fe1Si4,1.688815461764088
Er1Ho1Pb4,1.6891856381185317
Dy1In1Cu4,1.6893369916397472
Yb1In1Ni4,1.6896847955119583
Eu1Ga1Ag4,1.6897438185556652
Ce1Al1Co4,1.691306532228671
Ac1La1Si4,1.6915689029826926
Gd1Si1Ni4,1.6921869997786374
Ce1Pd1Zn4,1.6922527086234354
Tm1Be1Cu4,1.6924998327083098
Gd1In1Cu4,1.693895353304945
Eu1Pd1Zn4,1.6948713313969774
Tb1Al1Ni4,1.694929526303459
Th1U1Sb4,1.6949847422000046
Dy1Er1Mn4,1.6952401563422959
Y1Ho1Co4,1.6954290190522825
Lu1In1Cu4,1.6958490272255087
Y1Al1Co4,1.6958752775012542
Er1Hg1Pt4,1.6960118520800218
Tb1Mg1Co4,1.6976309854542817
Ce1Si1Ni4,1.6978184927371798
Bi1Sb1Sc4,1.697974209952133
Ti1Nb1S4,1.698268274670023
Eu1Ir1Zn4,1.6991133184907474
Tm1Cd1Ni4,1.699207614293769
Ag1Eu1Pt4,1.7006726625077218
Rb1Fe1F4,1.700738401055287
Ho1In1Ni4,1.7007460832094121
Mn1Cu1Se4,1.7008019104044514
Ir1Y1Zn4,1.701063440989789
Y1Er1Al4,1.7012864077756458
Ta1Ni1Se4,1.7016407373104359
Tm1Al1Cu4,1.7016632308448092
Y1Si1Ni4,1.7023872380097629
Co1Ni1Te4,1.703373617912561
Y1In1Cu4,1.7040955915360712
Er1In1Cu4,1.704377997689976
Zr1Ti1Se4,1.7059850568103665
Tb1Ho1Co4,1.7060521310366994
Tb1Al1Co4,1.7064983894856711
Eu1Al1Ag4,1.7068683021336781
Mn1Nb1Se4,1.7070620038459083
Dy1In1Ni4,1.707376881941317
U1Pd1Pt4,1.7074639399339546
Ta1Ni1Te4,1.7088085947282197
Cr1Fe1Sb4,1.7090622102880728
Gd1Er1Co4,1.7109856154218621
Gd1In1Ni4,1.711935243606515
Ho1In1Co4,1.712314946391624
Fe1Ni1Ta4,1.712758240473268
Tb1Si1Ni4,1.7130103499941798
Zr1Ti1Te4,1.7131529142281503
Co1Cu1Te4,1.7133202117516486
Mo1W1S4,1.7134971725950192
Li1Ga1S4,1.713762379970997
Lu1In1Ni4,1.7138889175270782
Mn1Nb1Te4,1.7142298612636921
Tb1In1Cu4,1.7147187035204876
Mn1Fe1Sn4,1.7156301951093464
Nb1W1Se4,1.7160149714861166
Sn1W1S4,1.7172349485480307
Ce1In1Ni4,1.7175667365650573
Dy1In1Co4,1.7189457451235288
Ac1Ce1N4,1.7191132670965243
Te1Zn1Zr4,1.719589853654692
Tm1Al1Ni4,1.7197031211463785
Ta1W1Se4,1.7206092045221226
Cu1Sn1S4,1.7214312629246755
Y1In1Ni4,1.7221354818376404
Ni1Au1Se4,1.7223531765934579
Ho1In1Pt4,1.7223698854470202
Er1In1Ni4,1.7224178879915455
Pm1Sc1Zn4,1.7239698920898545
Li1Fe1F4,1.7250820026392972
Sc1In1Cu4,1.7251654919044235
Lu1In1Co4,1.7254577807092903
Pr1In1Pt4,1.7260422896567622
Mn1Zn1Se4,1.7270579728727593
Cr1Fe1As4,1.7273590986783827
La1In1Pt4,1.7273924168473542
Dy1In1Pt4,1.729000684178925
B1Be1Fe4,1.7298593405010163
Tm1Al1Co4,1.7312719843285906
Ta1Ti1Se4,1.73140645419129
Gd1In1Pt4,1.7335590458441228
Er1In1Co4,1.7339867511737577
Th1Mn1Co4,1.7353680308702906
Au1Rh1Se4,1.7358182213085207
Cd1Hg1S4,1.7360865925695013
Ta1Ti1Te4,1.7385743116090737
Al1Fe1Co4,1.7387381818579957
Pa1In1O4,1.7390526346479473
Ce1In1Pt4,1.7391905388026654
Tm1In1Cu4,1.7394922983634071
Mo1W1Se4,1.739581425709229
U1Zn1Ni4,1.739914800208574
As1Fe1Ta4,1.7399464702954532
Al1Hg1Th4,1.7404603123301718
Eu1In1Pt4,1.7418091615762072
Sc1In1Ni4,1.7432053822059927
As1Eu1Pd4,1.7435148371879912
Er1In1Pt4,1.7440416902291538
B1P1S4,1.7445199616112863
Ni1Sn1Se4,1.7447974198772112
Al1P1S4,1.7478681917951622
Au1Ga1Th4,1.7491336051901019
Cu1Pm1Pt4,1.7503604047331311
U1Al1Ni4,1.7506454630225425
Tb1In1Pt4,1.7543823960596654
Ni1Pm1Zn4,1.7549926649638312
Tm1In1Ni4,1.757532188664977
Cr1Pm1Pt4,1.7587022714473346
Al1Mo1U4,1.7589289291659298
Ac1Pd1Pt4,1.7633907835416467
Ag1Hg1Se4,1.7639410694986168
Al1Au1Th4,1.7662580887681143
Tm1In1Co4,1.7691010518471888
Ga1Pm1Pt4,1.7702226464373954
Ac1Au1Pd4,1.770261477241
Pu1Np1B4,1.7724530203428541
Mn1Pm1Pt4,1.7733827048723334
Si1Sb1Te4,1.7751630779132503
Mn1In1Se4,1.7756177032053262
Pm1Rh1Zn4,1.7758728068468879
Pm1Pt1Zn4,1.7766164672014393
Pd1Pm1Zn4,1.7782383673547761
Pd1Si1Th4,1.779090118912819
Al1Re1U4,1.78034996865655
Ac1Ce1Zn4,1.781182173542985
Ti1V1Se4,1.7865465774693883
Ge1Sb1Te4,1.786641632365755
In1P1S4,1.7869591123597672
Ac1Ir1Ni4,1.7871266769935852
Al1Pm1Pt4,1.7873471300154078
U1In1Ni4,1.7884745305411407
Ac1Ga1Ni4,1.789447823052222
Ge1Pm1Pt4,1.791487400359457
Ac1Cu1Ir4,1.7970732708326729
Re1Tc1U4,1.7987155163216795
Mn1Tc1U4,1.7999265743591424
Pa1Pb1Te4,1.8039511407276254
Ac1Ga1Pd4,1.8126935254431669
Ac1Pr1Rh4,1.8146778922148588
Ac1Ga1Ir4,1.816935512536937
Pa1Pd1Zn4,1.8193289724598065
Ac1Pm1Zn4,1.8204941274571684
Ac1Al1Pt4,1.8281961088678427
Mg1Re1O4,1.8293308224270106
Ac1Ge1Pd4,1.8339582793652287
Zn1Re1O4,1.8494421039709228
Co1Re1O4,1.8536741491229571
Cr1Ir1O4,1.859867183216072
Li1Ir1O4,1.8913438309888058
Hf1Sr1Zn4,1.9021908229267215
Sr1U1O4,1.9147669934786018
Hf1Ta1B4,1.9418774674798287
Lu1Sr1Zn4,1.9430025883598052
B1Be1Re4,1.9435934202281755
Hf1Zr1O4,1.9461615443808622
Hf1Ta1V4,1.9500456229816578
Nb1Rh1O4,1.9596386879263934
Hf1Zr1Fe4,1.9602942133519836
Ta1Rh1O4,1.9665300374804027
Hf1Ge1Cl4,1.9678213660421051
Cd1Cu1Hf4,1.9697687413925447
Mg1Ti1H4,1.9710059019874624
Sr1Pu1O4,1.975959835069604
Nb1Mo1Cl4,1.9762723332736485
Sr1Eu1C4,1.9763914208399609
Sr1Ca1Si4,1.9782233036712686
Sr1Eu1Si4,1.9791506216895078
Ca1Pb1Pt4,1.9803200831425236
Hf1Nb1B4,1.9815814520429198
Hf1Nb1Br4,1.9822974102720217
Hf1Zr1W4,1.9830473650321796
Sr1Ca1Al4,1.9830500789402459
Ca1U1O4,1.985465494327935
Hf1Zr1B4,1.9867195522270542
Zr1U1O4,1.988822630839163
Ba1Pb1Pd4,1.989098488884915
Sb1Rh1O4,1.9905594112182259
Ca1Sm1Al4,1.9907304177453684
Hf1Zr1Mo4,1.9909990730334253
Cr1Mo1O4,1.991441490357683
Hf1Ti1W4,1.9914682944483546
Dy1Sr1Zn4,1.992565208962538
Mg1U1O4,1.9944589349911133
Hf1Zr1V4,1.9948877077288836
Hf1Ti1B4,1.9951404816432292
Zr1Ta1B4,1.9963998521917008
Hf1Sc1Ge4,1.99926227985567
Hf1Ti1Mo4,1.9994200024496003
Fe1Co1O4,2.000298615762149
Zr1Ta1Cr4,2.002062083835218
Cd1Pd1Cl4,2.0026171123471
Zr1U1Al4,2.0028257485004417
Nb1Mo1O4,2.003431198229279
Zr1Ta1Co4,2.0039647700368968
Zr1Sc1Fe4,2.004793069767014
Mn1W1Cl4,2.0048746051361017
Sr1Ca1I4,2.0059023154287785
Ba1Sr1Ga4,2.0084580851684857
Au1Ir1Te4,2.008461903318253
Hf1Al1W4,2.008635896688865
Ba1Sr1I4,2.0092887448694072
Zr1Nb1Fe4,2.0096784978797215
Ba1Pd1Pt4,2.0097642448465387
Ba1Sc1Zn4,2.0111923322471816
Rb1B1H4,2.011815399167205
Ag1Cd1Hf4,2.0123206420077913
Mn1Co1O4,2.014467846295909
Mn1Ni1P4,2.0150104121435413
Ca1La1Si4,2.015782339600571
Au1Ba1Pd4,2.016634938545892
Sr1Tm1Zn4,2.0167766384810895
Ca1Lu1Rh4,2.0171564398768353
Ca1Pb1I4,2.017598178526003
As1Ga1Hf4,2.018367884790896
Ti1Mo1O4,2.0200802025731663
Ca1La1Al4,2.0206091148695475
Nb1Ga1Cl4,2.0219061611768328
Ca1Cu1Ni4,2.0236017069688335
Ca1Ce1C4,2.0254231160846246
Ca1Eu1Si4,2.0262829555890636
As1Be1Hf4,2.026328970232409
Hf1Si1W4,2.0267167203795857
Pm1Sr1Zn4,2.027377919178489
Fe1Co1Sb4,2.0276983292427713
Cu1Mo1O4,2.0285303020167222
Ac1Ca1N4,2.029164863925883
Pd1Rh1Pb4,2.029182163081599
Fe1Ni1Sb4,2.0299743685157843
Pb1W1O4,2.0299926480496664
Zr1Sc1B4,2.0312184086420846
Cd1Au1Cl4,2.031781151174338
Ca1Cu1Zn4,2.031817879135572
Fe1Co1Sn4,2.032464363192047
Ga1Si1Zr4,2.0325446817164754
Er1Sr1Zn4,2.03262529876887
Mn1Co1Br4,2.0329730450661874
Nd1Pd1Pt4,2.034461806355144
Al1As1Hf4,2.035492368368909
Mo1Pd1O4,2.0357103587964493
Sr1S1O4,2.035728541959579
Cu1P1Ta4,2.0357424267277016
Zr1Nb1B4,2.036103836754792
Li1B1H4,2.0361590007512156
Ca1Yb1Al4,2.0364580127470586
Nb1V1H4,2.036710550315926
Ca1Dy1Al4,2.0375083359013817
Ni1Pt1Zr4,2.037517006374839
Au1Cr1Pd4,2.0393497196332144
Ca1Ge1Ni4,2.0402253143922193
Zr1Al1Fe4,2.040405129720541
Na1B1H4,2.041267999041089
Ta1V1H4,2.041304783351932
Zr1Nb1Cr4,2.0417660683983088
Mn1Co1Sn4,2.0419105168812206
Al1Ca1Cu4,2.042548541949541
Fe1Ni1Pt4,2.042706829321517
Ca1Ga1Ni4,2.043463948673098
Cr1W1O4,2.0436316797149616
Zr1Nb1Co4,2.043668754599988
Ba1Sn1F4,2.043675426654533
Nd1Cu1Ni4,2.0437540030646106
Sn1Mo1O4,2.0443875434934653
Ba1Ca1I4,2.0453919850123503
Zr1Ti1W4,2.045990679160227
Fe1Co1As4,2.0459952176330813
Mo1Pb1O4,2.0466504855079783
Na1U1O4,2.047213814692486
Rb1Cl1O4,2.0473181510498866
Ti1V1H4,2.0478098865451844
C1N1Ti4,2.047890407164219
Fe1Ni1As4,2.0482712569060944
Zr1Ti1B4,2.0496628663551015
Ca1La1Rh4,2.0498198394477347
Ca1La1Pt4,2.050563499802286
Ca1Sn1F4,2.051318090970516
Ca1Mg1Ni4,2.0517210282197205
Zr1Zn1Ni4,2.052095860444627
Cs1B1H4,2.052802342738417
Ca1Eu1Ga4,2.053131307645651
Nd1Dy1C4,2.0532349822856464
Mg1Ti1F4,2.053343159053996
Zr1Ti1Mo4,2.0539423871614724
Ba1Cd1Pt4,2.0540740633201255
K1B1H4,2.0542219445078973
As1Rh1O4,2.0542264813956113
Nb1Cr1O4,2.0546013775989644
Fe1Sb1O4,2.0547820003628736
Zr1Ti1Cr4,2.0553250979986184
Ba1Cd1Pd4,2.0556959634734624
Ag1Mo1Br4,2.0557772964217906
Zr1Zn1Br4,2.0568157640107447
Zr1Ti1Co4,2.0572277842002973
Ba1Ga1Pt4,2.0574450865947225
Nd1Be1Cu4,2.058429158330922
Si1Mo1O4,2.058784946869629
Nd1Mg1Cu4,2.058873149488587
Ga1Cu1I4,2.059795133935064
Cr1Ga1O4,2.0598922322124595
Ba1Bi1Pd4,2.059898024158935
Ca1Ag1Br4,2.062000904267341
Co1Ni1As4,2.063067854524681
Zr1Al1W4,2.063158281400737
Nd1Pu1Si4,2.0631856075383315
Be1P1Ta4,2.0635657538734793
Ta1Cr1B4,2.063607007408462
La1Li1Ni4,2.064996246184506
V1Rh1O4,2.0656708661616587
Mn1Bi1Br4,2.0658889572934274
Ba1Hg1Pd4,2.0659906996955377
As1Co1Ta4,2.066226792067327
Cr1Sb1O4,2.066248304588637
Au1Rh1Te4,2.0669831012107367
Ge1Ni1Ta4,2.0678848027806285
Ti1Nb1B4,2.0680303373289677
Ir1Pb1Br4,2.068042561933948
Ti1Nb1O4,2.0681277220337324
Nd1Cd1Ni4,2.0684908307091114
As1Ni1Ta4,2.0685028313403397
Ge1Nd1Ni4,2.0686894141996897
Ir1Nd1Ni4,2.0700656465330516
Ti1Cr1B4,2.070112110601714
Mg1Al1B4,2.0705880046969116
Ag1Pb1I4,2.070825450611762
Ti1Cr1O4,2.0712503819428516
Au1Nd1Ni4,2.071575856211421
Ca1Hg1Pt4,2.0720114638581846
Nd1Al1Cu4,2.0721742555356713
Ga1Ge1Zr4,2.072272240943057
Ca1Bi1Au4,2.072789482020935
Ag1Ba1Pd4,2.0728840387761847
As1Ga1Zr4,2.0728902695027682
Nb1Bi1O4,2.0731284962003693
Ga1Nd1Ni4,2.073547365621007
Ti1Nb1Cr4,2.0736925689724846
Zr1Al1Co4,2.074395386440808
Ca1Pm1Zn4,2.0745102530780444
Ca1Li1Ni4,2.0745695441547594
Ta1Ti1B4,2.075084263736025
Ga1Sb1O4,2.0761477891908715
Rb1Al1F4,2.0762280812215383
Co1Sb1O4,2.076976896790754
Ca1Er1Al4,2.0775684257077134
Li1Pr1Zn4,2.077729048838087
Mn1Ag1F4,2.07808177027917
Mn1Nd1Ni4,2.078287453273414
Ta1Ti1O4,2.078708611644318
Mn1Ag1Br4,2.078874971910677
Ag1Ca1Pt4,2.078904802938831
La1Na1Sb4,2.0789965859062542
As1Zn1Zr4,2.079284090266812
Ca1In1Cu4,2.080377609468139
As1Be1Zr4,2.080851354944281
Al1Tl1F4,2.0809839239180277
Zr1Si1W4,2.081239105091458
Re1N1Cl4,2.081533272991962
Mn1Te1O4,2.0825506262406916
Ta1Ti1Be4,2.0827343984243782
Ag1Au1Br4,2.0828943214040296
Al1Cr1O4,2.083109344456747
Nd1Ni1Zn4,2.083138096767073
Al1W1O4,2.0841293544443404
Ac1Ca1Si4,2.0842177881426545
Nd1Mg1Ni4,2.0859329849409414
Nd1Ho1Al4,2.0860688292718725
Mg1In1Cu4,2.0863732365769248
Na1Y1F4,2.086444995907293
Li1Mn1F4,2.086607257662474
La1Li1Pt4,2.086620048422114
K1La1F4,2.086985891875798
Ti1Zn1F4,2.087949062953413
Na1Al1Si4,2.0885966211967033
Cr1Nd1Pt4,2.0887025064923277
Eu1Na1Sb4,2.0894972018947464
Na1Yb1F4,2.0898808442865
Al1As1Zr4,2.0900147530807804
Nd1Ga1Co4,2.0909006603943245
Tl1Bi1F4,2.091083913473327
Li1Y1Ga4,2.09110028977529
Na1Cl1O4,2.0914970508607116
Ag1Au1I4,2.092696071631314
Tl1Cl1O4,2.094042068678275
Ti1Sn1O4,2.094422104972155
Ba1S1O4,2.094963046334937
Ca1Li1Pt4,2.096193346392367
Sn1W1O4,2.096577732850744
Li1Ag1F4,2.097264251255661
Ca1Li1Pd4,2.097815246545704
Tl1N1Cl4,2.0978334747260927
Tl1Hg1Br4,2.097969790641437
Mg1Si1O4,2.0990854586217296
Nd1Al1Ni4,2.0992340909880256
K1Ce1F4,2.099385869209399
Zr1In1Ni4,2.1006555907771935
W1O1F4,2.1020123319436976
Be1P1Tc4,2.1041918543658404
Ta1Al1O4,2.104460015005084
K1La1Pt4,2.104682992178795
Na1Ho1F4,2.10523442264645
Na1Al1F4,2.1056806810954214
V1Ag1Cl4,2.1064113320284683
Al1Sb1O4,2.1067459793180157
Au1Co1Te4,2.107486601329633
Rb1V1F4,2.107695499065874
As1Si1Zr4,2.1080955767715017
Au1Hg1Pd4,2.1084464336225337
Cs1Cl1O4,2.108798566406704
Ac1Ca1Cd4,2.1091131012807587
Ag1Cl1O4,2.109589638624799
In1Au1F4,2.1100353348422924
Al1Ga1Li4,2.1103359749634185
Mn1Nd1Pt4,2.110723156629826
K1Cl1O4,2.110927969060924
Ir1Ti1Zn4,2.1115100505035174
Ga1P1O4,2.111929407594297
Au1Ni1Sb4,2.1132757212432014
V1Ge1Cl4,2.113859033922405
Ba1In1Pd4,2.1140205378446697
Sn1Bi1O4,2.114084841464555
Nd1Al1Co4,2.1165873857613438
Cu1Te1O4,2.1169365115917342
Be1P1V4,2.1172937245450467
Nd1Pd1Zn4,2.1180066503534904
K1Al1F4,2.11863462656223
Nb1V1B4,2.1191250507848647
Sn1Sb1O4,2.119194357724419
Ge1Bi1Br4,2.1204611985485653
Co1Pt1Si4,2.122517569752189
Ta1V1B4,2.1237192838208707
Ge1Sb1Br4,2.1238675427218077
Nd1Si1Ni4,2.1263553265241066
Nd1In1Cu4,2.1289178568135685
V1Cr1B4,2.1297008931959662
Ti1V1B4,2.130224387014123
Na1Er1F4,2.130991257247155
Li1V1F4,2.1320391006498842
In1Sn1Br4,2.1332727797575526
Ac1Li1Ni4,2.13343169472659
Ac1Ca1In4,2.1342086446098687
In1Li1Ni4,2.1344740483895364
Zn1S1O4,2.135531765016003
K1B1F4,2.1365592015744306
B1P1O4,2.1375052524456275
N1Cl1O4,2.1386976823707196
Cu1P1O4,2.1391187346511016
Be1P1O4,2.1405567124537663
Al1P1O4,2.142527597721441
Nb1V1O4,2.144769792217578
Al1N1F4,2.1455915606455522
Er1Na1Pt4,2.1486883575501525
Na1In1Sn4,2.15324042206056
Nd1In1Ni4,2.155977692265923
Ti1V1O4,2.1614187965614655
Ge1Te1O4,2.164408988123398
Be1S1O4,2.167562007427624
Ni1As1O4,2.1754598894615746
B1As1O4,2.177923551498611
As1P1Rh4,2.178559668741104
V1Bi1O4,2.179160674435635
Sn1S1O4,2.1819812711017024
Al1As1O4,2.1829458967744246
V1Sb1O4,2.1842701906954987
Gd1Nd1Tc4,2.18542232884441
Nd1In1Pt4,2.188413395622335
V1B1O4,2.230487706204641
